"","Modnames","K","AICc","Delta_AICc","ModelLik","AICcWt","Res.LL","Cum.Wt"
"3","Mod 3 = Food Quality",8,3791.84139100149,0,1,0.999999363189742,-1887.84369015315,0.999999363189742
"1","Mod 1 = Global",16,3820.65302251567,28.8116315141783,5.54158130346505e-07,5.54157777452923e-07,-1894.03309162461,0.999999917347519
"4","Mod 4 = Null",3,3824.46598953745,32.624598535961,8.23490210572034e-08,8.2348968616502e-08,-1909.22033654088,0.999999999696488
"2","Mod 2 = Habitat Complexity",8,3835.67258767269,43.8311966712045,3.03512495299637e-10,3.03512302019767e-10,-1909.75994176848,1
