"","Modnames","K","AICc","Delta_AICc","ModelLik","AICcWt","Res.LL","Cum.Wt"
"3","Mod 3 = Food Quality",6,3900.7444824321,0,1,0.95600344556811,-1944.3271284341,0.95600344556811
"1","Mod 1 = Global",8,3906.94469752781,6.20021509570643,0.0450443577090738,0.043062561173277,-1945.39484607284,0.999066006741387
"4","Mod 4 = Null",4,3914.68292290003,13.9384404679272,0.000940385901003302,0.000899012161522828,-1953.32016219549,0.99996501890291
"2","Mod 2 = Habitat Complexity",6,3921.17590035957,20.4314179274711,3.65909738630402e-05,3.49810970897591e-05,-1954.5431262737,1
