"","Modnames","K","AICc","Delta_AICc","ModelLik","AICcWt","Res.LL","Cum.Wt"
"3","Mod 3 = Food Quality",9,3891.36830581299,0,1,0.999990075574829,-1936.58717014787,0.999990075574829
"4","Mod 4 = Null",4,3914.68292290003,23.3146170870436,8.65556108560881e-06,8.6554751841405e-06,-1953.32016219549,0.999998731050013
"1","Mod 1 = Global",19,3918.57616963522,27.2078638222292,1.23562713998934e-06,1.23561487710025e-06,-1939.87414146249,0.99999996666489
"2","Mod 2 = Habitat Complexity",9,3925.80159522772,34.4332894147346,3.33354411419436e-08,3.33351103068524e-08,-1953.80443787082,1
